"bird_tag","betw","eigen","degree","strength","BIRD_ID","cort_orig","cort_ind","barl_orig","barl_ind","sex","age","fdens_orig","fdens_ind"
"0700ED86D1",109,0.0939181067486895,216,24.6705049211211,"59V39164",NA,NA,12.048404888,NA,"m","AD",NA,NA
"0700ED86F4",269,0.396110569285961,244,19.6470657806495,"59V39771",NA,NA,14.6892331,NA,"m","1Y",NA,NA
"0700ED872E",0,0.507362321008367,202,23.0392803888415,"59V39763",0.057658341989932,0.027548719609983,15.185675325,9.9693114895,"f","AD",0.000115334433208983,0.000115550142865602
"0700ED8779",278,0.732314801144673,352,29.6824834196479,"11024489",NA,NA,NA,NA,NA,"1Y",NA,NA
"0700ED88B0",1114,0.0801674502507105,176,28.5694210958303,"12126375",NA,NA,NA,NA,"f","1Y",NA,NA
"0700ED8AC1",22.5833333333333,0.0212513919302362,108,2.97329057800426,"12126126",NA,NA,NA,NA,"m","AD",NA,NA
"0700ED8B63",0,0.00503463895165961,60,2.21492034447298,"59V39746",NA,NA,NA,NA,"m","AD",NA,NA
"0700ED8BA8",124,0.522886683091746,182,21.1951079176164,"59V39409",NA,NA,NA,NA,"f","1Y",NA,NA
"0700ED8C0C",4,0.183785110804261,252,16.8040604400239,"59V39002",NA,NA,NA,NA,"f","AD",NA,NA
"0700ED8C9F",0,0.00408381875997833,78,0.804100661735217,"12126269",NA,NA,NA,NA,"f","AD",NA,NA
"0700ED8CD7",145,0.116418928451307,198,27.3009693015194,"59V39199",0.024311351707025,0.062992102686656,14.38018461,11.09587222,"f","AD",0.000118344535137595,0.00011428348383176
"0700ED8F16",0,0.00546948573057722,84,3.32488811142382,"59V39134",NA,NA,NA,NA,"m","AD",NA,NA
"0700ED9040",751,0.109302662415933,290,21.5553908640704,"59V39998",NA,NA,NA,NA,"m","AD",NA,NA
"0700ED90DC",4104,0.823191226110846,270,33.5966776520544,"12126363",NA,NA,NA,NA,"m","1Y",NA,NA
"0700ED9126",21,0.460909474618936,188,20.9131423160369,"59V39166",NA,NA,NA,NA,"m","1Y",NA,NA
"0700ED9147",504,0.199195824456417,346,13.9959388708529,"12126370",NA,NA,NA,NA,"m","1Y",NA,NA
"0700ED91C4",4,0.21925562828284,270,18.9204403134833,"59V39195",NA,NA,NA,NA,"f","1Y",NA,NA
"0700ED91F3",6,0.0194882134784927,176,2.5957972699614,"14157519",NA,NA,NA,NA,"m","1Y",NA,NA
"0700ED92EF",7,0.270859309287999,254,13.853028406099,"59V39837",0.00623268346374,0.096615774499,14.246511735,11.12636459,"f","1Y",0.000108181131754209,0.000108508993868578
"0700ED9433",0,0.0116746637470719,74,1.87668694791172,"12126397",NA,NA,NA,NA,"m","1Y",NA,NA
"0700ED94AA",0,0.00701689602897915,60,0.30418122743621,"58V92957",NA,NA,NA,NA,"m","AD",NA,NA
"0700ED957D",0,0.734610711139394,206,31.6456000297079,"59V39181",NA,NA,NA,NA,"m","AD",NA,NA
"0700ED96E3",6,0.739330754852777,208,31.4491344053584,"59V39008",0.022817664622017,0.014826545190277,14.6520914,11.7775982,"f","AD",0.00011505825393605,0.000117759241947665
"0700ED9728",0,0.0138956359161685,74,0.585454216196442,"59V39157",NA,NA,NA,NA,"m","1Y",NA,NA
"0700ED972F",131,0.826600361591752,212,30.7687265099623,"59V39831",0.003231246983443,1.47304035973401,15.393592595,12.4888288,"m","1Y",0.000124452261097372,0.000123696603035893
"0700ED9731",13,0.464342809239992,212,22.0891595495075,"12126355",NA,NA,NA,NA,"m","1Y",NA,NA
"0700ED9823",0,0.381933893909329,168,18.6253273924594,"59V39773",NA,NA,15.18774451,NA,"f","1Y",NA,NA
"0700ED9900",127,0.568624340120696,212,24.7521765675096,"12126124",NA,NA,NA,NA,"m","AD",NA,NA
"0700ED996B",1,0.0125308821378354,98,0.925521666951759,"12126101",NA,NA,NA,NA,"f",NA,NA,NA
"0700ED9995",0,0.194175743153016,168,9.21640931525115,"58V92476",NA,NA,NA,NA,"f","1Y",NA,NA
"0700ED9A89",15,0.248930879224576,268,11.553249893531,"14157320",NA,NA,NA,NA,"f","AD",NA,NA
"0700ED9C52",6,0.667850386827671,196,28.3593452724822,"58V92955",NA,NA,NA,NA,"m","AD",NA,NA
"0700ED9D64",23,0.192607513696957,290,18.208252277669,"12126360",NA,NA,NA,NA,NA,"1Y",NA,NA
"0700ED9D9A",0,0.00224862445027528,52,2.20101780132296,"59V39767",NA,NA,14.16850884,NA,"m","1Y",NA,NA
"0700ED9DB4",0,0.361275908441714,176,17.6552491860036,"59V39857",NA,NA,NA,NA,"m","AD",NA,NA
"0700ED9DC6",0,0.362361105339402,150,17.8313533637259,"59V39774",NA,NA,14.230241445,NA,"f","1Y",NA,NA
"0700EDA030",5,0.039769938402964,174,5.80805042948192,"59V39529",NA,NA,14.70386964,11.933560855,"f","1Y",0.000105733697916507,0.000107010663684257
"0700EDA05D",1229,0.985005543248226,236,36.4350967818888,"59V39868",NA,NA,14.392805985,9.491852759,"f","1Y",0.000113578804978622,0.000103334758224926
"0700EDA092",0.5,0.00629925713165917,54,0.251095229504046,"59V39144",NA,NA,NA,NA,"m","AD",NA,NA
"0700EDA0D5",62,0.183765754879362,278,22.3602407583124,"59V39759",0.027118764778904,0.007102558940473,14.464996545,11.46650707,"m","1Y",0.000113619295209191,0.000117566641804539
"0700EDA218",57,0.0113093754549044,78,0.705811828852924,"12126372",NA,NA,NA,NA,"m","1Y",NA,NA
"0700EDA584",47,0.673434066150669,330,28.5327582529478,"59V39119",NA,NA,12.300656675,NA,"f","AD",NA,NA
"0700EDA69D",71,0.700177309903202,204,28.9090795936271,"59V39761",NA,NA,14.805156795,NA,"f","1Y",NA,NA
"0700EDA701",344,0.799975987691966,334,33.2886592775025,"59V39145",NA,NA,NA,NA,"m","1Y",NA,NA
"0700EDA75A",0,0.126543327695132,158,28.7202856568991,"59V39171",NA,NA,13.937455865,NA,"m","AD",NA,NA
"0700EDA801",2350,0.850259869800999,284,34.8145989801474,"14157515",NA,NA,NA,NA,"m","AD",NA,NA
"0700EDA87F",9.5,0.0496135741507555,142,2.27514739324098,"14157613",NA,NA,NA,NA,"m","1Y",NA,NA
"0700EDA8D7",468,0.792699088290825,254,33.5072101754403,"59V39122",NA,NA,NA,NA,"f","1Y",NA,NA
"0700EDA916",840,0.787541907734314,302,31.4771773284864,"14157305",NA,NA,NA,NA,"m","AD",NA,NA
"0700EDA93F",5,0.0790523057967979,176,28.0773667807297,"14157552",NA,NA,NA,NA,NA,"1Y",NA,NA
"0700EDA980",521,0.89222228661504,234,32.901730092539,"59V39172",NA,NA,14.052353065,NA,"m","AD",NA,NA
"0700EDAA0F",58,0.00707973608763086,114,1.67063196322125,"58V92954",NA,NA,NA,NA,"f","1Y",NA,NA
"0700EDAA73",3,0.0716935425309203,172,25.727244052382,"14157517",NA,NA,NA,NA,"m","1Y",NA,NA
"0700EDAAC3",0,0.240961135875569,140,12.197156758013,"59V39443",NA,NA,11.714756605,NA,"m","1Y",NA,NA
"0700EDABAF",18,0.914843235306199,242,34.4890821417465,"59V39776",NA,NA,13.895126975,NA,"m","1Y",0.000117729802537175,NA
"0700EDABFE",2,0.3735406301138,222,16.5827848289979,"14157508",NA,NA,NA,NA,NA,"AD",NA,NA
"0700EDAC10",201,0.516819135304947,234,20.9532395961292,"59V39177",NA,NA,14.76312786,NA,"f","AD",NA,NA
"0700EDAC8D",0,0.716956825079001,216,27.8253244005371,"59V39185",NA,NA,14.3168763,10.66911374,"f","AD",0.000114076326743523,0.000109154042505611
"0700EDACBF",0,0.00365319482613914,32,0.144562546679926,"60V36769",NA,NA,NA,NA,"m","1Y",NA,NA
"0700EDAD89",18,0.420810817920576,226,18.9172798542338,"14157312",NA,NA,NA,NA,"f","AD",NA,NA
"0700EDADC3",0,0.720937056073193,202,27.2956461229201,"57V84711",NA,NA,12.202599835,NA,"f","AD",0.000121788071320722,NA
"0700EDAE6F",0,0.293366274820112,168,13.0944087749601,"59V39854",NA,NA,NA,NA,"m","AD",NA,NA
"0700EDB0E8",0,0.000665768561451214,8,0.0264294277830913,"59V39999",NA,NA,NA,NA,"m","1Y",NA,NA
"0700EDB0F1",0,0.000730463894819493,32,0.181490208403673,"59V39196",NA,NA,NA,NA,"f","1Y",NA,NA
"0700EDB1D4",0,0.177900497100339,148,9.54343703801518,"59V39856",NA,NA,NA,NA,"m","AD",NA,NA
"0700EDB21D",396,0.0755875030543958,198,26.7632305522703,"14157475",NA,NA,NA,NA,"m","1Y",NA,NA
"0700EDB2B0",0,0.190593003412021,166,10.3128385825803,"12126366",NA,NA,NA,NA,"m","1Y",NA,NA
"0700EDB2F0",0,0.104252532326482,146,7.91276767589826,"59V39446",0.019474935060389,0.034238884435222,14.33168727,11.13901988,"f","1Y",0.000106715940203428,0.000102118780482301
"0700EDB2F7",1936.5,0.771917551129158,258,29.561641129593,"59V39408",NA,NA,14.758256845,NA,"f","1Y",NA,NA
"0700EDB32D",2,0.0849755004705632,124,6.8593831513366,"59V39009",0.003019191387746,0.058014195373284,13.9476936,11.77240818,"m","AD",0.000117316833916352,0.000121568233020916
"0700EDB4A3",0,0.00856705881752104,84,2.13821583732055,"59V39757",0.051739424869988,0.857733640809853,15.9817875,12.53742354,"f","1Y",0.00010853871307931,0.000105647845713727
"0700EDB576",1,0.106775485092096,160,7.87523047499552,"12126369",NA,NA,NA,NA,"m","1Y",NA,NA
"0700EDB5F4",144,0.104054737609346,208,25.2814394010856,"59V39751",0.010314263267149,0.065122390153423,13.87472225,10.60191457,"f","1Y",0.00011373801090729,0.000116890059829703
"0700EDB8E1",0,0.434940426912443,170,21.1033107812549,"12126385",NA,NA,NA,NA,"f","1Y",NA,NA
"0700EDBA40",0,0.565485741210404,188,25.4096649717163,"59V39781",NA,NA,NA,NA,"m","1Y",NA,NA
"0700EDBAF4",0,0.0423464042300087,106,9.73632046902335,"59V39211",NA,NA,NA,NA,"m","AD",NA,NA
"0700EDBB36",0,0.00152678698947134,56,0.380629020226208,"58V92658",NA,NA,NA,NA,"m","AD",NA,NA
"0700EDBC2D",48,0.0986193342948868,208,24.4325323943903,"14157574",NA,NA,NA,NA,"m","1Y",NA,NA
"0700EDBD04",18,0.00977704204087486,84,0.381857498369641,"59V39113",NA,NA,NA,NA,"m","AD",NA,NA
"0700EDBD3C",10,0.0103359027697479,108,3.92741454312696,"14157518",NA,NA,NA,NA,"f","AD",NA,NA
"0700EDBD41",71,0.074760281675423,202,23.9497215491869,"14157310",NA,NA,NA,NA,"m","AD",NA,NA
"0700EDBE65",6,0.952012049296894,230,35.4332674024103,"59V39203",0.018817873841148,0.078961070527418,12.842816275,12.11369623,"f","AD",0.00010168588004113,0.000107226414516149
"0700EDC066",6,0.583418805205308,186,25.492574530554,"59V39775",NA,NA,13.85663244,NA,"f","1Y",NA,NA
"0700EDC181",0,0.0471104638128092,104,11.0287332728317,"59V39227",NA,NA,14.76951278,NA,"m","1Y",NA,NA
"0700EDC250",3,0.013746272732648,138,5.60100002356649,"12126358",NA,NA,NA,NA,"m","AD",NA,NA
"0700EDC274",393,0.748693716339391,246,31.4897940699336,"11024412",NA,NA,NA,NA,"m","AD",NA,NA
"0700EDC294",3.83333333333333,0.0145810154170671,80,0.705485135423634,"14157528",NA,NA,NA,NA,NA,"1Y",NA,NA
"0700EDC4CF",0,0.0585859107930925,130,13.6389582314412,"59V39861",NA,NA,NA,NA,"f","1Y",NA,NA
"0700EDC540",0,0.420962665736149,166,20.2307014948912,"59V39852",NA,NA,NA,NA,"m","AD",NA,NA
"0700EDC565",2,0.0752530789469072,160,17.2559642327474,"58V92956",NA,NA,14.975977375,NA,NA,NA,0.000117687881484727,NA
"0700EDC5A2",378,0.910723963250505,242,34.355010455661,"59V39191",NA,NA,NA,NA,"f","AD",NA,NA
"0700EDC5BF",2888,0.113828489424034,370,24.2462219747515,"59V39745",NA,NA,NA,NA,"f","AD",NA,NA
"0700EDC70D",5,0.0526345195823241,110,2.54005342243238,"12126140",NA,NA,NA,NA,"m","AD",NA,NA
"0700EDCA33",0,0.0006727540127564,46,0.379743713725718,"58V92648",NA,NA,NA,NA,"f","AD",NA,NA
"0700EDCC32",0.5,0.00818159009346286,58,1.28492869052228,"59V39286",NA,NA,NA,NA,"m","1Y",NA,NA
"0700EDCD93",0,0.0237893985377292,112,10.1811513966934,"59V39232",NA,NA,15.20999224,12.334588285,"m","1Y",0.000118847853066146,0.000114577003039386
"0700EDCE67",0,0.102115040956669,126,7.47768657854866,"59V39241",NA,NA,15.01953367,NA,"f","1Y",NA,NA
"0700EDCEC1",326,0.129550271778671,190,29.5381853394418,"59V39862",NA,NA,NA,NA,"m","1Y",NA,NA
"0700EDCFAD",159,0.942022868005799,212,35.0005181947604,"59V39056",NA,NA,14.309598885,10.71520019,"f","1Y",0.000106140355938136,NA
"0700EDD02F",0,0.380922870502058,154,18.5238329474666,"14157503",NA,NA,NA,NA,"m","AD",NA,NA
"0700EDD270",1.5,0.015275007251605,90,0.661285445405918,"12126378",NA,NA,NA,NA,"m","1Y",NA,NA
"0700EDD2D1",353,0.879634340971479,210,32.1860056860779,"59V39580",NA,NA,NA,NA,"m","1Y",NA,NA
"0700EDD410",7.91666666666667,0.00864129867272211,112,1.04423616796538,"12126408",NA,NA,NA,NA,"f","AD",NA,NA
"0700EDD4EC",0,0.299153323766694,278,13.7128625663126,"12126399",NA,NA,NA,NA,"f","1Y",NA,NA
"0700EDD569",2080,0.280324126505261,276,17.1644940825404,"59V39860",0.035660334149859,0.080056531808124,15.51896757,12.88809918,"m","AD",0.000123525455914981,0.000116893151734638
"0700EDD65E",7,0.0366552527307889,66,3.4364389264507,"59V39480",NA,NA,14.539421745,NA,"m","AD",NA,NA
"0700EDD6C9",0,0.0158453386749188,70,1.01066808566401,"59V39867",NA,NA,14.71787402,NA,"m","1Y",NA,NA
"0700EDD730",0,0.1485266173401,250,15.7670199460671,"59V39587",NA,NA,NA,NA,"m","1Y",NA,NA
"0700EDD8A0",25,0.00366446626406827,100,1.48311046122447,"12126359",NA,NA,NA,NA,"m","1Y",NA,NA
"0700EDD8B5",0,0.164757932792492,192,10.9565835702993,"14157566",NA,NA,NA,NA,"m","AD",NA,NA
"0700EDD8C8",10,0.567954329481869,270,25.1978415306996,"12126374",NA,NA,NA,NA,"m","1Y",NA,NA
"0700EDD9AE",2,0.0904589494940818,168,4.62162179579997,"14157313",NA,NA,NA,NA,"m","AD",NA,NA
"0700EDDA6A",225,0.078569072105929,186,27.9523114249988,"59V39752",NA,NA,16.4177535,NA,"f","1Y",NA,NA
"0700EDDA92",0,0.0042637966223964,64,3.54690076710332,"59V39132",NA,NA,NA,NA,"f","1Y",NA,NA
"0700EDDA94",0,0.104246301482939,138,4.95825641316312,"57V84709",NA,NA,NA,NA,"f","AD",NA,NA
"0700EDDAD0",139,0.681472473285812,244,29.3399410816542,"59V39121",NA,0.01244644945669,14.03332754,11.85347689,"m","AD",0.000119547257713347,0.00011907145993623
"0700EDDB3B",0,0.416648887972023,150,16.3426185537519,"59V39201",NA,NA,13.3905117,NA,"m","AD",NA,NA
"0700EDDB61",0,0.000354894217943376,10,0.0496326397074481,"14157513",NA,NA,NA,NA,"f","1Y",NA,NA
"0700EDDC8F",123,0.0263118572470638,120,11.0437712753389,"59V39843",NA,NA,NA,NA,"m","AD",NA,NA
"0700EDDCEA",2,0.481805542950609,172,21.4530793804746,"12126105",NA,NA,NA,NA,"m","1Y",NA,NA
"0700EDDD0E",0,0.00105672181776181,46,0.249282135516693,"59V39131",NA,NA,NA,NA,"f","1Y",NA,NA
"0700EDDDD0",0,0.0313125446260844,136,12.7677541200367,"14157771",NA,NA,NA,NA,"f","1Y",NA,NA
"0700EDDDFC",30,0.115876710388706,200,27.0405964187501,"14157543",NA,NA,NA,NA,"f","AD",NA,NA
"0700EDDEBC",0,0.00278949402382497,26,0.265958321327912,"57V84697",NA,NA,NA,NA,"m","1Y",NA,NA
"0700EDDFD1",7,0.0848592912892747,200,22.6742891701772,"59V39769",0.012197324189308,0,13.280904535,11.14478182,"f","1Y",0.0001159019683498,0.000107488757893669
"0700EDE001",66.5,0.00820653864541922,110,0.739604843728478,"14157314",NA,NA,NA,NA,"m","AD",NA,NA
"0700EDE0BE",65,0.183550705455961,246,14.7021262031819,"59V39777",NA,NA,16.16246256,NA,"f","1Y",NA,NA
"0700EDE0F3",0,0.113174573961073,122,7.74159838450462,"59V39760",NA,NA,14.332632015,NA,"m","AD",NA,NA
"0700EDE1F1",1094,0.620558678684436,266,23.3361477435234,"58V92589",NA,NA,10.086052705,NA,"m","AD",0.000123355476331435,NA
"0700EDE2C5",69,0.823799959551836,216,33.6419017625343,"59V39838",NA,NA,14.412856265,NA,"f","1Y",0.000106933710363784,NA
"0700EDE2FC",0,0.00289744855781933,26,0.147030833387158,"59V39864",NA,NA,NA,NA,"f","1Y",NA,NA
"0700EDE3D2",93,0.125766971976907,224,6.68937470578091,"14157743",NA,NA,NA,NA,"f","AD",NA,NA
"0700EDE442",4,0.0356439662451743,180,13.8592815743339,"59V39165",NA,NA,NA,NA,"m","AD",NA,NA
"0700EDE476",76,0.385847312817731,268,24.2619480730734,"59V39527",0.003516259638471,0.083928767997865,14.53820094,11.352212805,"m","1Y",0.000117280822079842,0.000119967244945173
"0700EDE7B9",89,0.800030248887886,204,32.9607511613088,"59V39575",0,0.065813424246379,14.731405295,10.87955775,"m","1Y",0.000114467672801447,0.000115164750281102
"0700EDE854",0,0.0752704989338756,134,17.2998757063056,"59V39780",NA,NA,12.814147695,NA,"m","AD",NA,NA
"0700EDE9A5",2,0.00898102125914836,106,4.66402809668574,"14157547",NA,NA,NA,NA,"m","AD",NA,NA
"0700EDEA86",0,0.000970694545578879,40,1.20273014069888,"12126075",NA,NA,NA,NA,"f","1Y",NA,NA
"0700EDEB7A",0,0.160243993568277,206,9.63309232939717,"58V92649",NA,NA,12.373976125,NA,"m","AD",NA,NA
"0700EDEB8B",275,0.392833140838853,322,19.0177923280154,"12126368",NA,NA,NA,NA,"m","1Y",NA,NA
"0700EDEB8D",9,0.0404288603285239,152,15.4678904046165,"14157769",NA,NA,NA,NA,"m","1Y",NA,NA
"0700EDEBED",89,0.130414044062627,306,20.7490095269809,"12126364",NA,NA,NA,NA,"m","1Y",NA,NA
"0700EDEC75",101,0.822656759243834,228,32.6690392219678,"12126135",NA,NA,NA,NA,"m","1Y",NA,NA
"0700EDEC89",0,0.00564683603618723,46,0.442463016795637,"59V39138",NA,NA,NA,NA,"m","AD",NA,NA
"0700EDED0E",831,0.119186519734128,200,27.8106926925457,"59V39766",NA,NA,13.501724105,11.1869178,"f","1Y",0.000116845991673931,0.000109277125901411
"0700EDED2F",114,0.77494544993844,310,30.3451890700989,"59V39176",NA,NA,NA,NA,"m","1Y",NA,NA
"0700EDF101",0,0.391647188426185,178,19.0151447953489,"59V39869",NA,NA,NA,NA,"f","1Y",NA,NA
"0700EDF1D0",31,0.783040177509704,250,33.2377851964635,"59V39151",NA,NA,13.3097298,NA,"m","AD",0.000112946610054352,NA
"0700EDF1E7",312,0.394587843663055,204,15.7852788374122,"57V84695",NA,NA,NA,NA,"m","AD",NA,NA
"0700EDF515",11,0.0102946629461859,108,4.99374709769116,"58V92654",NA,NA,NA,NA,"f","1Y",NA,NA
"0700EDF585",1309,0.0926390725303767,230,20.5988793049185,"12126108",NA,NA,NA,NA,"f","1Y",NA,NA
"0700EDF5EB",72,0.0559864406008206,158,19.4638294519855,"59V39872",NA,NA,14.53998199,NA,"f","1Y",NA,NA
"0700EDF632",5388,0.830128333256548,278,34.1774331869871,"59V39115",2.65224579676303,0.008539239221185,13.9164345,13.942128375,"m","AD",0.000127190398019614,0.000122499229846035
"0700EDF71F",0,0.000552881737733972,38,0.18713953475708,"59V39403",NA,NA,NA,NA,"f","1Y",NA,NA
"0700EDF7CF",450.5,0.692336468076781,230,29.495431220886,"59V39143",0.063836844293042,0.240682765362978,14.40871687,12.30771578,"f","AD",0.000113529892315171,0.000117595241833102
"0700EDF954",1113,0.127969259888113,158,28.9924253710844,"59V39845",NA,NA,14.763591485,11.250804225,"m","1Y",0.000108824431145909,0.000110243102680819
"0700EDF99F",6,0.242337522430083,244,10.8992972658849,"59V39851",NA,NA,NA,NA,"m","1Y",NA,NA
"0700EDFA0F",99.4166666666667,0.00937208663815591,116,0.665493977102308,"59V39835",0.008421149331968,0.005774230131037,15.06670512,12.60476375,"m","1Y",0.000122444973172444,0.000133328858198515
"0700EDFA1D",36,0.566811651458929,266,21.5900429866145,"58V92659",NA,NA,11.37435137,NA,"f","AD",NA,NA
"0700EDFA3D",416,0.825168310491926,242,34.5517558281546,"59V39947",0.152147270081611,0.135131583470114,16.525502135,13.44738307,"m","1Y",0.00012667763200963,0.00012924262654151
"0700EDFC13",15,0.0512589962311442,142,17.5254345298992,"59V39782",NA,NA,NA,NA,"m","1Y",NA,NA
"0700EDFCAD",0,0.0063829435013671,52,0.218408607709971,"14157511",NA,NA,NA,NA,"f","1Y",NA,NA
"0700EDFCBD",0,0.0357055725885324,110,4.21000928973132,"59V39204",0.004352173854704,0.54376562908816,15.723253815,11.81967369,"m","AD",0.000121045535730552,0.00012760325856603
"0700EDFCD3",78,0.628840220437058,234,27.9001352806242,"58V92657",NA,NA,NA,NA,"m","AD",NA,NA
"0700EDFD02",0,0.00724024804136966,62,0.373889819595659,"59V39848",NA,NA,NA,NA,"f","1Y",NA,NA
"0700EDFDA6",0,0.00848393383591193,74,0.377671316372038,"14157505",NA,NA,NA,NA,NA,"1Y",NA,NA
"0700EDFEB4",1308,0.0698026692612417,278,19.6137554508977,"12126388",NA,NA,NA,NA,"m","1Y",NA,NA
"0700EE0020",104,0.0602522724488138,236,3.00702064988964,"14517262",NA,NA,NA,NA,"m","1Y",NA,NA
"0700EE008D",12,0.146855559556141,360,15.5092368511908,"59V39155",NA,NA,NA,NA,"m","AD",NA,NA
"0700EE0188",22,0.124738909746344,154,28.2197276970504,"59V39586",NA,NA,14.99720201,11.33030333,"f","1Y",0.000114134749578584,9.92040636738321e-05
"0700EE01F9",1,0.0689103080514406,172,24.6192235568172,"14157546",NA,NA,NA,NA,"m","AD",NA,NA
"0700EE02A3",0.5,0.00938317173007993,76,0.479592702230347,"59V39173",NA,NA,NA,NA,"f","1Y",NA,NA
"0700EE02B3",0,0.00626965126953815,50,0.326884080054102,"14157523",NA,NA,NA,NA,"f","1Y",NA,NA
"0700EE0398",382,0.127692563276166,202,29.4533912474326,"59V39198",0.005354732034703,0.704249970487739,14.18870542,12.865683235,"m","AD",0.000126460394488197,0.000121511384337936
"0700EE03BB",66,0.0761864423439899,174,27.2160774206835,"12126389",NA,NA,NA,NA,"m","AD",NA,NA
"0700EE045B",957,0.611352619695981,302,26.7522595619222,"12126380",NA,NA,NA,NA,"m","1Y",NA,NA
"0700EE0558",16,0.867029318556225,228,34.4941683149086,"14157322",NA,NA,NA,NA,"m","AD",NA,NA
"0700EE070C",0,0.000446331546932949,34,0.266449405639405,"14157542",NA,NA,NA,NA,"f","1Y",NA,NA
"0700EE07AB",82,0.807773475699118,212,29.7120694584169,"59V39484",NA,NA,13.61975827,NA,"m","1Y",NA,NA
"0700EE07BA",350,0.0712462590061849,206,23.4782853339057,"14157311",NA,NA,NA,NA,"f","AD",NA,NA
"0700EE084E",0,0.539605336310712,204,23.2989479068112,"14157564",NA,NA,NA,NA,"f","AD",NA,NA
"0700EE096A",1072,0.786142301963125,286,32.8230909669217,"14157538",NA,NA,NA,NA,NA,"1Y",NA,NA
"0700EE097A",0,0.00588200672892712,50,0.249096626178523,"14157541",NA,NA,NA,NA,NA,"1Y",NA,NA
"0700EE09D7",191,0.205536176872165,200,13.7539379288842,"59V39596",NA,NA,NA,NA,"m","1Y",NA,NA
"0700EE0A49",0,0.0980346247955151,130,6.22259417808074,"12126386",NA,NA,NA,NA,"m","1Y",NA,NA
"0700EE0AF9",498,0.126107431526561,192,28.7903837142532,"14157319",NA,NA,NA,NA,"m","AD",NA,NA
"0700EE0B90",116,0.803777938435498,246,32.002076445205,"14157315",NA,NA,NA,NA,"f","1Y",NA,NA
"0700EE0BCC",10,0.447148923395198,172,17.593456111833,"59V39758",0.002320938614842,0.024643050019054,14.013033325,10.3945329745,"f","1Y",0.000108650104588394,8.23514235254401e-05
"0700EE0BEF",450,0.733893326059165,190,25.8124124227557,"59V39865",NA,NA,NA,NA,"f","1Y",NA,NA
"0700EE0CBA",0,0.0364218533540594,114,4.80055665353465,"59V39836",NA,NA,11.501595975,NA,"f","1Y",0.000101870639336144,NA
"0700EE0DDB",0,0.1223524895167,400,9.02060262461809,"12126392",NA,NA,NA,NA,"m","1Y",NA,NA
"0700EE0FED",593,0.95954315933172,248,35.3439218023721,"59V39483",NA,NA,15.482871875,12.09853203,"m","1Y",0.000117791613667003,0.000111379797763418
"0700EE100F",36,0.0161873863067547,190,2.80351252112277,"14157533",NA,NA,NA,NA,"m","1Y",NA,NA
"0700EE103B",67.8333333333333,0.00400923414907793,70,1.32728029926779,"59V39855",NA,NA,NA,NA,"f","1Y",NA,NA
"0700EE1046",32.5,0.0173585523621847,142,1.70020639549043,"12126165",NA,NA,NA,NA,"m","1Y",NA,NA
"0700EE11ED",6,0.687591052680697,210,29.6237227867143,"59V39190",NA,NA,NA,NA,"f","1Y",NA,NA
"0700EE12BB",633,0.875570532505879,224,35.265966021247,"12126400",NA,NA,NA,NA,"m","1Y",NA,NA
"0700EE14BE",307,0.462452136995076,228,22.5388226519038,"14517202",NA,NA,NA,NA,"f","1Y",NA,NA
"0700EE14FB",83,0.078149618481134,242,19.3063746577515,"12126395",NA,NA,NA,NA,"f","1Y",NA,NA
"0700EE158A",54,0.0707016847520813,152,6.05070859681709,"59V39834",NA,NA,NA,NA,"f","1Y",NA,NA
"0700EE166F",0,0.0794084340087177,174,28.3317304261855,"12126115",NA,NA,NA,NA,"m","1Y",NA,NA
"0700EE1827",118.5,0.962427347252994,220,35.7431996725172,"59V39283",0.048532852846091,0.006524094944701,13.49456026,10.848096205,"f","AD",0.00011040450734481,0.00010433362416612
"0700EE18A2",777,0.0779587567630518,182,27.6113274154868,"14157770",NA,NA,NA,NA,"m","1Y",NA,NA
"0700EE19C8",0,0.00487811819264413,32,0.405582076412548,"60V36751",NA,NA,NA,NA,"f","1Y",NA,NA
"0700EE19D1",7,0.322654320058844,222,17.4504659179862,"14157501",NA,NA,NA,NA,"m","AD",NA,NA
"0700EE19E9",560,0.645791946372786,316,25.8863657470361,"59V39007",NA,NA,NA,NA,"f","1Y",NA,NA
"0700EE1A93",0,0.0229200558378605,96,1.00793489506027,"14157301",NA,NA,NA,NA,"m","1Y",NA,NA
"0700EE1AA6",0,0.000623470995173595,42,0.396129583866469,"14157537",NA,NA,NA,NA,"f","1Y",NA,NA
"0700EE1B45",569,0.604706682756535,214,25.0555687329576,"13931409",NA,NA,NA,NA,"f","AD",NA,NA
"0700EE1B4C",74,0.508606034717416,326,24.8132693291943,"14157308",NA,NA,NA,NA,"f","1Y",NA,NA
"0700EE1BF0",121,0.510498296712176,226,23.1213449604942,"12126396",NA,NA,NA,NA,"f","1Y",NA,NA
"0700EE1C66",0,0.654713757370594,200,25.3614605106919,"59V39102",NA,NA,NA,NA,"f","AD",NA,NA
"0700EE1C6A",499,0.776403287433991,230,31.4654182949231,"59V39859",NA,NA,NA,NA,"m","AD",NA,NA
"0700EE1D71",0,0.00103617836689461,46,0.349093198891269,"60V36762",NA,NA,NA,NA,"f","1Y",NA,NA
"0700EE1E0A",2127,0.0886501740237988,328,23.7810093835699,"12126357",NA,NA,NA,NA,"f","1Y",NA,NA
"0700EE1E8D",0,0.00455912561206868,82,1.10575642043495,"57V84727",NA,NA,NA,NA,"f","AD",NA,NA
"0700EE1EF0",0,0.013921176207595,88,1.45053002254103,"59V39687",NA,NA,NA,NA,NA,"1Y",NA,NA
"0700EE1EF3",908,0.868945996465473,260,35.7583577792924,"59V39841",NA,NA,12.51963338,NA,"f","1Y",0.000103545841098632,NA
"0700EE1F0F",0,0.00158320372106976,56,0.35989371029708,"59V39685",NA,NA,NA,NA,NA,"1Y",NA,NA
"0700EE1FC5",0,0.596521036858582,184,26.0381809377544,"59V39184",0,0.048076090487254,12.540700545,10.291458668,"f","AD",0.000127881051428543,0.000118163722189013
"0700EE2002",0,0.00128903510941617,46,0.422340617335068,"60V36760",NA,NA,NA,NA,"f","1Y",NA,NA
"0700EE2089",87.6666666666667,0.00863309407364691,112,0.562096768298415,"59V39182",NA,NA,NA,NA,"f","AD",NA,NA
"0700EE209F",61,0.748627646347417,206,29.7882411798835,"59V39847",NA,NA,NA,NA,"m","AD",NA,NA
"0700EE20CC",0,0.000591530054440956,22,0.145372761386255,"59V39133",NA,NA,NA,NA,"f","1Y",NA,NA
"0700EE21C3",0,0.312290234426534,190,15.9051602905796,"59V39762",NA,NA,14.57130333,NA,"f","1Y",NA,NA
"0700EE228D",13,0.0618437558948168,156,22.3091732994777,"12126356",NA,NA,NA,NA,"f","AD",NA,NA
"0700EE231D",0,0.329131750575071,146,13.0717374427936,"59V39104",NA,NA,13.942027685,NA,"f","AD",NA,NA
"0700EE23ED",0,0.00975946984674036,108,5.22096955762273,"59V39130",NA,NA,NA,NA,"m","AD",NA,NA
"0700EE2589",1753,0.0639821737251137,238,20.8834965038257,"12126107",NA,NA,NA,NA,"m","1Y",NA,NA
"0700EE268A",243,0.126631684909624,198,28.9096847536462,"14157318",NA,NA,NA,NA,"f","AD",NA,NA
"0700EE26BC",140,0.971524643138896,230,36.0162886569593,"12126398",NA,NA,NA,NA,"m","AD",NA,NA
"0700EE26C8",0,0.0106205290294065,76,0.534781200387528,"59V39162",NA,NA,NA,NA,"f","1Y",NA,NA
"0700EE2747",2,0.0683395003355025,124,5.55501638863666,"59V39011",0.004104364150542,0.004178680409704,14.29361884,11.26926142,"f","AD",0.000119715704875451,0.000137300450854658
"0700EE27A5",0,0.038361710482657,168,12.5969814350709,"14157571",NA,NA,NA,NA,"f","AD",NA,NA
"0700EE27DF",4,0.0770927635988228,142,4.3327203610341,"59V39768",NA,NA,14.17804193,NA,"f","1Y",NA,NA
"0700EE2802",35,0.0155101782345718,174,2.05459853905088,"14157534",NA,NA,NA,NA,"m","1Y",NA,NA
"0700EE286F",3,0.097650216243129,174,23.0179780839338,"59V39863",0.020818685624729,0.043751989433659,14.962270265,11.115123165,"m","1Y",0.000117062978142401,0.000115308377252236
"0700EE2905",1,0.0204258832113212,88,2.42202503080872,"12126384",NA,NA,NA,NA,"f","1Y",NA,NA
"0700EE294F",0,0.522439009201814,178,24.5601607890695,"59V39858",NA,NA,NA,NA,"m","1Y",NA,NA
"0700EE2993",22,0.0964209146565225,226,10.6453189295693,"59V92482",NA,NA,NA,NA,"m","AD",NA,NA
"0700EE2A4A",885,0.403573996671678,324,17.9750776555161,"14157509",NA,NA,NA,NA,NA,"1Y",NA,NA
"0700EE2A5B",0,0.000358811813562707,26,0.141371901946715,"14157316",NA,NA,NA,NA,"m","1Y",NA,NA
"0700EE2B22",2907,0.970069245813358,230,35.5795480051708,"12126377",NA,NA,NA,NA,"f","1Y",NA,NA
"0700EE2B25",0.75,0.00903765616030165,60,0.389871931381355,"14157307",NA,NA,NA,NA,"f","1Y",NA,NA
"0700EE2B32",0,0.641778939582036,212,27.4144564060511,"14157325",NA,NA,NA,NA,"m","1Y",NA,NA
"0700EE2C08",0,0.00110062083499185,14,0.0885253982808957,"59V39194",NA,NA,NA,NA,"f","1Y",NA,NA
"0700EE2C34",25,0.115931128191895,126,9.75779338733585,"12126387",NA,NA,NA,NA,"f","1Y",NA,NA
"0700EE2CEB",0,0.0115372403716254,92,0.826430687375617,"12126414",NA,NA,NA,NA,"m","AD",NA,NA
"0700EE302E",1,0.173424551504201,346,13.9217767217191,"59V39419",NA,NA,15.903390055,NA,"f","AD",NA,NA
"0700EE309F",0,0.421643378178354,170,18.2158040973475,"11024477",NA,NA,NA,NA,NA,"AD",NA,NA
"0700EE30E1",914,0.091735503575153,240,19.273233578551,"59V39765",NA,NA,15.574441285,NA,"f","1Y",NA,NA
"0700EE3211",1452,0.872409215879715,240,35.1735013260768,"12126393",NA,NA,NA,NA,"m","1Y",NA,NA
"0700EE3308",930,0.0825393295681832,200,28.3658154598078,"59V39748",NA,NA,NA,NA,"m","1Y",NA,NA
"0700EE339A",0,0.00596947071231059,50,0.253664427796201,"58V92590",NA,NA,NA,NA,"f","1Y",NA,NA
"0700EE3535",137,0.697697523794742,298,26.45760570417,"57V84698",NA,NA,10.76173456,NA,"m","AD",NA,NA
"0700EE3573",2,0.0820092343518811,130,5.08814103587499,"12126371",NA,NA,NA,NA,"f","1Y",NA,NA
"0700EE35B0",3,0.613770229393024,208,25.8836252427467,"12126141",NA,NA,NA,NA,"f","1Y",NA,NA
"0700EE35ED",225,1,234,37.3518419960322,"59V39187",0.029526888043187,0.036097941123705,11.4063664465,10.7338424625,"m","AD",0.000126943890725253,0.000125877664587119
"0700EE361A",14.5,0.639792274501264,248,27.5398025262956,"12126361",NA,NA,NA,NA,"f","1Y",NA,NA
"0700EE37BD",931,0.272639289218579,296,15.120155934284,"12126394",NA,NA,NA,NA,"f","1Y",NA,NA
"0700EE3840",145,0.838478489231622,220,34.2139818728135,"59V39118",NA,NA,14.709395265,NA,"m","AD",NA,NA
"0700EE385C",1,0.113134370672295,136,25.5944733915658,"59V39844",NA,NA,14.38801702,NA,"m","AD",0.000108838606602621,NA
"0700EE3872",1,0.266171545537469,188,14.9478547399929,"12126373",NA,NA,NA,NA,"f","1Y",NA,NA
"0700EE38A8",0,0.00274155065554746,62,0.696497430394637,"14157516",NA,NA,NA,NA,"m","AD",NA,NA
"0700EE38E6",0,0.185953398410067,142,11.0311978919847,"59V39755",NA,NA,NA,NA,"f","1Y",NA,NA
"0700EE3A07",46,0.0687536760161412,182,24.082972211183,"12126148",NA,NA,NA,NA,"m","1Y",NA,NA
"0700EE3BC1",0,0.303977473574925,194,14.5574855944518,"59V39485",0.007915723807016,0.017680205947878,14.96357187,12.167265625,"m","AD",0.000114152513848538,0.000103946173052432
"0700EE3CE0",96,0.55515964222594,222,26.3539040426596,"14157767",NA,NA,NA,NA,"m","1Y",NA,NA
"0700EE3EBA",15.5,0.00979597210869242,78,0.937734670667327,"57V84700",NA,NA,NA,NA,"m","1Y",NA,NA
"0700EE3EEE",0,0.0021162821206386,64,0.739362649669691,"12126367",NA,NA,NA,NA,"f","1Y",NA,NA
"0700EE4041",3,0.122147308563474,316,7.08329525866351,"12126125",NA,NA,NA,NA,"f","AD",NA,NA
"0700EE40CD",0,0.0847857307199873,112,7.2035530673313,"59V39754",0.003481773411205,12.361052244173,14.752113705,11.50797746,"f","1Y",0.000113196485804736,0.000109164031598518
"0700EE40FF",923,0.128310465698155,190,29.2087560136667,"59V39202",NA,NA,15.31739589,NA,"f","AD",NA,NA
"0700EE4134",726,0.706908418255387,356,28.989680802876,"14157506",NA,NA,NA,NA,NA,"1Y",NA,NA
"0700EE4234",0,0.733164490547248,214,30.6974032326743,"12126102",NA,NA,NA,NA,"f",NA,NA,NA
"0700EE42BE",12,0.00420428634322285,38,0.188387746162807,"14157507",NA,NA,NA,NA,"m","AD",NA,NA
"0700EE4366",0,0.00826061188813839,66,3.17681753841387,"59V39779",NA,NA,15.30189772,NA,"m","1Y",NA,NA
"0700EE44D4",0,0.0562287885223386,182,14.0193860755966,"14157549",NA,NA,NA,NA,"f","1Y",NA,NA
